Protocollo;Gruppo;DataOraIncidente;Localizzazione1;STRADA1;Localizzazione2;STRADA2;Strada02;Chilometrica;DaSpecificare;NaturaIncidente;particolaritastrade;TipoStrada;FondoStradale;Pavimentazione;Segnaletica;CondizioneAtmosferica;Traffico;Visibilita;Illuminazione;NUM_FERITI;NUM_RISERVATA;NUM_MORTI;NUM_ILLESI;Longitudine;Latitudine;Confermato;Progressivo;TipoVeicolo;StatoVeicolo;TipoPersona;Sesso;Tipolesione;Deceduto;DecedutoDopo;CinturaCascoUtilizzato;Airbag
1805604;13;01/07/2009 21:30;Strada Urbana;VIA ANTONIO SCONTRINO;da specificare;;;;.;Veicolo in marcia contro ostacolo accidentale;Rettilineo;Una carreggiata a doppio senso;Asciutto;Con buche;Assente;Sereno;Scarso;Buona;Insufficiente;0;0;0;1;;;-1;1;Autovettura privata;In marcia / fermata / arresto;Conducente;F;Illeso;0;;Non accertato;Inesistente
1805605;13;03/07/2009 10:30;Strada Urbana;VIALE ALFREDO ZAMBRINI;all'intersezione con;VIA ARDUINO FORGIARINI;VIA ARDUINO FORGIARINI;;;Investimento di pedone;Intersezione stradale segnalata;Due carreggiate;Asciutto;Asfaltata;Verticale ed orizzontale;Sereno;Normale;Buona;Ore Diurne;1;0;0;1;;;-1;;;;Pedone;F;Rimandato;0;NON DECEDUTO;;
1805605;13;03/07/2009 10:30;Strada Urbana;VIALE ALFREDO ZAMBRINI;all'intersezione con;VIA ARDUINO FORGIARINI;VIA ARDUINO FORGIARINI;;;Investimento di pedone;Intersezione stradale segnalata;Due carreggiate;Asciutto;Asfaltata;Verticale ed orizzontale;Sereno;Normale;Buona;Ore Diurne;1;0;0;1;;;-1;1;Autovettura privata;In marcia / fermata / arresto;Conducente;M;Illeso;0;;Non accertato;Inesploso
1805606;13;03/07/2009 11:30;Strada Urbana;CORSO DUCA DI GENOVA;all'intersezione con;VIA DELLE SIRENE;VIA DELLE SIRENE;;;Scontro frontale/laterale DX fra veicoli in marcia;Incrocio;Una carreggiata a doppio senso;Asciutto;Asfaltata;Verticale ed orizzontale;Sereno;Normale;Buona;Ore Diurne;2;0;0;0;;;-1;1;Autovettura privata;In marcia / fermata / arresto;Conducente;F;Rimandato;0;NON DECEDUTO;Non accertato;Inesistente
1805606;13;03/07/2009 11:30;Strada Urbana;CORSO DUCA DI GENOVA;all'intersezione con;VIA DELLE SIRENE;VIA DELLE SIRENE;;;Scontro frontale/laterale DX fra veicoli in marcia;Incrocio;Una carreggiata a doppio senso;Asciutto;Asfaltata;Verticale ed orizzontale;Sereno;Normale;Buona;Ore Diurne;2;0;0;0;;;-1;2;Autovettura privata;In marcia / fermata / arresto;Conducente;M;Rimandato;0;NON DECEDUTO;Non accertato;Inesistente
1805607;13;03/07/2009 17:05;Strada Urbana;VIALE PAOLO ORLANDO;all'intersezione con;VIA GAETANO CHIERCHIA;VIA GAETANO CHIERCHIA;;;Scontro frontale/laterale SX fra veicoli in marcia;Incrocio;Due carreggiate;Asciutto;Asfaltata;Verticale ed orizzontale;Sereno;Normale;Sufficiente;Ore Diurne;0;0;0;2;;;-1;1;Motociclo con passeggero;In marcia / fermata / arresto;Conducente;M;Illeso;0;;Non accertato;Inesistente
1805607;13;03/07/2009 17:05;Strada Urbana;VIALE PAOLO ORLANDO;all'intersezione con;VIA GAETANO CHIERCHIA;VIA GAETANO CHIERCHIA;;;Scontro frontale/laterale SX fra veicoli in marcia;Incrocio;Due carreggiate;Asciutto;Asfaltata;Verticale ed orizzontale;Sereno;Normale;Sufficiente;Ore Diurne;0;0;0;2;;;-1;2;Autovettura privata;In marcia / fermata / arresto;Conducente;M;Illeso;0;;Non accertato;Inesistente
1805608;13;03/07/2009 17:20;Strada Urbana;VIA MAR DEI CORALLI;all'intersezione con;VIA DEI PESCATORI;VIA DEI PESCATORI;;;Tamponamento;Incrocio;Una carreggiata a doppio senso;Asciutto;Asfaltata;Verticale ed orizzontale;Sereno;Intenso;Buona;Ore Diurne;1;0;0;1;;;-1;1;Motociclo con passeggero;In marcia / fermata / arresto;Conducente;M;Rimandato;0;NON DECEDUTO;Non accertato;Inesistente
1805608;13;03/07/2009 17:20;Strada Urbana;VIA MAR DEI CORALLI;all'intersezione con;VIA DEI PESCATORI;VIA DEI PESCATORI;;;Tamponamento;Incrocio;Una carreggiata a doppio senso;Asciutto;Asfaltata;Verticale ed orizzontale;Sereno;Intenso;Buona;Ore Diurne;1;0;0;1;;;-1;2;Autovettura privata;In marcia / fermata / arresto;Conducente;F;Illeso;0;;Non accertato;Inesploso
1805609;13;03/07/2009 19:00;Strada Urbana;VIA ROMALLO;da specificare;;;;altezza Via San Candido;Veicolo in marcia contro ostacolo accidentale;Rettilineo;Una carreggiata a doppio senso;Asciutto;Asfaltata;Verticale ed orizzontale;Sereno;Scarso;Buona;Ore Diurne;0;0;0;1;;;-1;1;Autovettura privata;In marcia / fermata / arresto;Conducente;M;Illeso;0;;Non accertato;Inesistente
1805610;13;03/07/2009 20:15;Strada Urbana;LUNGOMARE LUTAZIO CATULO;all'intersezione semaforizzata con;VIA DEI PESCATORI;VIA DEI PESCATORI;;;Scontro laterale fra veicoli in marcia;Intersezione semaforizzata;Due carreggiate;Asciutto;Asfaltata;Verticale ed orizzontale;Sereno;Normale;Buona;Ore Diurne;0;0;0;2;;;-1;1;Ciclomotore;In marcia / fermata / arresto;Conducente;M;Illeso;0;;Non accertato;Inesistente
1805610;13;03/07/2009 20:15;Strada Urbana;LUNGOMARE LUTAZIO CATULO;all'intersezione semaforizzata con;VIA DEI PESCATORI;VIA DEI PESCATORI;;;Scontro laterale fra veicoli in marcia;Intersezione semaforizzata;Due carreggiate;Asciutto;Asfaltata;Verticale ed orizzontale;Sereno;Normale;Buona;Ore Diurne;0;0;0;2;;;-1;2;Autovettura privata;In marcia / fermata / arresto;Conducente;M;Illeso;0;;Non accertato;Inesploso
1805611;13;03/07/2009 23:10;Strada Urbana;VIA DELLE AZZORRE;all'intersezione semaforizzata con;VIA DEL MARE;VIA DEL MARE;;;Scontro laterale fra veicoli in marcia;Intersezione semaforizzata;Una carreggiata a doppio senso;Asciutto;Asfaltata;Verticale ed orizzontale;Sereno;Intenso;Buona;Sufficiente;0;0;0;3;;;-1;1;Autovettura privata;In marcia / fermata / arresto;Conducente;M;Illeso;0;;Non accertato;Inesploso
1805611;13;03/07/2009 23:10;Strada Urbana;VIA DELLE AZZORRE;all'intersezione semaforizzata con;VIA DEL MARE;VIA DEL MARE;;;Scontro laterale fra veicoli in marcia;Intersezione semaforizzata;Una carreggiata a doppio senso;Asciutto;Asfaltata;Verticale ed orizzontale;Sereno;Intenso;Buona;Sufficiente;0;0;0;3;;;-1;1;Autovettura privata;In marcia / fermata / arresto;Passeggero;F;Illeso;0;;Non accertato;Inesistente
1805611;13;03/07/2009 23:10;Strada Urbana;VIA DELLE AZZORRE;all'intersezione semaforizzata con;VIA DEL MARE;VIA DEL MARE;;;Scontro laterale fra veicoli in marcia;Intersezione semaforizzata;Una carreggiata a doppio senso;Asciutto;Asfaltata;Verticale ed orizzontale;Sereno;Intenso;Buona;Sufficiente;0;0;0;3;;;-1;2;Autobus urbano;In marcia / fermata / arresto;Conducente;M;Illeso;0;;Non accertato;Inesploso
1805612;13;04/07/2009 01:00;Strada Urbana;VIALE DEI ROMAGNOLI;all'intersezione con;VIALE CHARLES LENORMANT;VIALE CHARLES LENORMANT;;;Scontro frontale fra veicoli in marcia;Incrocio;Una carreggiata a doppio senso;Asciutto;Asfaltata;Verticale ed orizzontale;Sereno;Scarso;Buona;Sufficiente;0;0;0;1;;;-1;1;Autovettura privata;In marcia / fermata / arresto;Conducente;F;Illeso;0;;Non accertato;Esploso
1805613;13;04/07/2009 03:50;Strada Urbana;PIAZZALE AMERIGO VESPUCCI;da specificare;;;;fronte stabilimento Gambrinus;Veicolo in marcia contro ostacolo accidentale;Rettilineo;Una carreggiata a doppio senso;Asciutto;Asfaltata;Verticale ed orizzontale;Sereno;Scarso;Buona;Sufficiente;0;0;0;1;;;-1;1;Autovettura privata;In marcia / fermata / arresto;Conducente;F;Illeso;0;;Non accertato;Inesploso
1805614;15;03/07/2009 08:15;Strada Urbana;VIA PORTUENSE;in corrispondenza;;del civico n. ;1440;;Scontro frontale fra veicoli in marcia;Rettilineo;Una carreggiata a doppio senso;Asciutto;Asfaltata;Orizzontale;Sereno;Normale;Buona;Ore Diurne;1;0;0;1;;;-1;1;Autovettura privata;In marcia / fermata / arresto;Conducente;M;Illeso;0;;Utilizzato;Inesistente
1805614;15;03/07/2009 08:15;Strada Urbana;VIA PORTUENSE;in corrispondenza;;del civico n. ;1440;;Scontro frontale fra veicoli in marcia;Rettilineo;Una carreggiata a doppio senso;Asciutto;Asfaltata;Orizzontale;Sereno;Normale;Buona;Ore Diurne;1;0;0;1;;;-1;2;Motociclo a solo;In marcia / fermata / arresto;Conducente;F;Rimandato;0;NON DECEDUTO;Utilizzato;Inesistente
1805615;15;03/07/2009 10:45;Strada Urbana;VIA ODERISI DA GUBBIO;all'intersezione con;VIA BARTOLOMEO CRISTOFORI;VIA BARTOLOMEO CRISTOFORI;;;Investimento di pedone;Incrocio;Una carreggiata a doppio senso;Asciutto;Asfaltata;Verticale ed orizzontale;Sereno;Intenso;Buona;Ore Diurne;1;0;0;1;;;-1;;;;Pedone;F;Rimandato;0;NON DECEDUTO;;
1805615;15;03/07/2009 10:45;Strada Urbana;VIA ODERISI DA GUBBIO;all'intersezione con;VIA BARTOLOMEO CRISTOFORI;VIA BARTOLOMEO CRISTOFORI;;;Investimento di pedone;Incrocio;Una carreggiata a doppio senso;Asciutto;Asfaltata;Verticale ed orizzontale;Sereno;Intenso;Buona;Ore Diurne;1;0;0;1;;;-1;1;Autovettura privata;In marcia / fermata / arresto;Conducente;M;Illeso;0;;Utilizzato;Inesistente
1805616;15;03/07/2009 15:30;Strada Urbana;VIA DELLA CASETTA MATTEI;in prossimità;;del civico n. ;76;;Scontro frontale/laterale DX fra veicoli in marcia;Rettilineo;Una carreggiata a doppio senso;Asciutto;Asfaltata;Verticale ed orizzontale;Nuvoloso;Normale;Buona;Ore Diurne;1;0;0;2;;;-1;1;Motociclo a solo;In marcia / fermata / arresto;Conducente;M;Rimandato;0;NON DECEDUTO;Utilizzato;Inesistente
1805616;15;03/07/2009 15:30;Strada Urbana;VIA DELLA CASETTA MATTEI;in prossimità;;del civico n. ;76;;Scontro frontale/laterale DX fra veicoli in marcia;Rettilineo;Una carreggiata a doppio senso;Asciutto;Asfaltata;Verticale ed orizzontale;Nuvoloso;Normale;Buona;Ore Diurne;1;0;0;2;;;-1;2;Autovettura privata;In marcia / fermata / arresto;Conducente;M;Illeso;0;;Utilizzato;Inesistente
1805616;15;03/07/2009 15:30;Strada Urbana;VIA DELLA CASETTA MATTEI;in prossimità;;del civico n. ;76;;Scontro frontale/laterale DX fra veicoli in marcia;Rettilineo;Una carreggiata a doppio senso;Asciutto;Asfaltata;Verticale ed orizzontale;Nuvoloso;Normale;Buona;Ore Diurne;1;0;0;2;;;-1;2;Autovettura privata;In marcia / fermata / arresto;Passeggero;M;Illeso;0;;Utilizzato;Inesistente
1805617;15;03/07/2009 16:35;Strada Urbana;VIALE GUGLIELMO MARCONI;in corrispondenza;;del civico n. ;166;;Veicolo in marcia contro veicolo fermo;Rettilineo;Due carreggiate;Asciutto;Asfaltata;Verticale ed orizzontale;Sereno;Intenso;Buona;Ore Diurne;0;0;0;1;;;-1;2;Autovettura privata;In marcia / fermata / arresto;Conducente;F;Illeso;0;;Utilizzato;Inesistente
1805618;15;03/07/2009 17:10;Strada Urbana;VIA DELLA MAGLIANA;in corrispondenza;;del civico n. ;240A;;Scontro laterale fra veicoli in marcia;Rettilineo;Una carreggiata a doppio senso;Asciutto;Asfaltata;Orizzontale;Nuvoloso;Intenso;Buona;Ore Diurne;0;0;0;2;;;-1;1;Autocarro inferiore 35 q.;In marcia / fermata / arresto;Conducente;M;Illeso;0;;Utilizzato;Inesistente
1805618;15;03/07/2009 17:10;Strada Urbana;VIA DELLA MAGLIANA;in corrispondenza;;del civico n. ;240A;;Scontro laterale fra veicoli in marcia;Rettilineo;Una carreggiata a doppio senso;Asciutto;Asfaltata;Orizzontale;Nuvoloso;Intenso;Buona;Ore Diurne;0;0;0;2;;;-1;2;Autovettura privata;In marcia / fermata / arresto;Conducente;F;Illeso;0;;Utilizzato;Inesistente
1805619;15;03/07/2009 18:30;Strada Urbana;VIA DEGLI ALAGNO;in prossimità;;del palo luce n. ;5 e 6;;Veicolo in marcia contro ostacolo accidentale;Rettilineo;Una carreggiata a doppio senso;Asciutto;Asfaltata;Verticale ed orizzontale;Sereno;Scarso;Buona;Ore Diurne;0;0;0;3;;;-1;1;Autovettura privata;In marcia / fermata / arresto;Conducente;F;Illeso;0;;Utilizzato;Inesistente
1805619;15;03/07/2009 18:30;Strada Urbana;VIA DEGLI ALAGNO;in prossimità;;del palo luce n. ;5 e 6;;Veicolo in marcia contro ostacolo accidentale;Rettilineo;Una carreggiata a doppio senso;Asciutto;Asfaltata;Verticale ed orizzontale;Sereno;Scarso;Buona;Ore Diurne;0;0;0;3;;;-1;1;Autovettura privata;In marcia / fermata / arresto;Passeggero;F;Illeso;0;;Utilizzato;Inesistente
1805619;15;03/07/2009 18:30;Strada Urbana;VIA DEGLI ALAGNO;in prossimità;;del palo luce n. ;5 e 6;;Veicolo in marcia contro ostacolo accidentale;Rettilineo;Una carreggiata a doppio senso;Asciutto;Asfaltata;Verticale ed orizzontale;Sereno;Scarso;Buona;Ore Diurne;0;0;0;3;;;-1;1;Autovettura privata;In marcia / fermata / arresto;Passeggero;M;Illeso;0;;Utilizzato;Inesistente
1805625;18;01/07/2009 05:30;Strada Urbana;VIA DI CASAL SELCE;in prossimità;;del civico n. ;152;;Fuoriuscita dalla sede stradale;Rettilineo;Una carreggiata a doppio senso;Asciutto;Asfaltata;Verticale ed orizzontale;Sereno;Scarso;Buona;Ore Diurne;1;0;0;0;;;-1;1;Autovettura privata;In marcia / fermata / arresto;Conducente;M;Ricoverato;0;NON DECEDUTO;Non accertato;Inesistente
1805626;18;01/07/2009 18:00;Strada Urbana;VIA GREGORIO VII;in prossimità;;del civico n. ;135;;Tamponamento;Rettilineo;Due carreggiate;Bagnato (pioggia);Asfaltata;Verticale ed orizzontale;Pioggia in atto;Scarso;Buona;Ore Diurne;0;0;0;3;;;-1;1;Autovettura privata;In marcia / fermata / arresto;Conducente;M;Illeso;0;;Non accertato;Inesistente
1805626;18;01/07/2009 18:00;Strada Urbana;VIA GREGORIO VII;in prossimità;;del civico n. ;135;;Tamponamento;Rettilineo;Due carreggiate;Bagnato (pioggia);Asfaltata;Verticale ed orizzontale;Pioggia in atto;Scarso;Buona;Ore Diurne;0;0;0;3;;;-1;2;Veicolo speciale;In marcia / fermata / arresto;Conducente;F;Illeso;0;;Esente;Inesistente
1805626;18;01/07/2009 18:00;Strada Urbana;VIA GREGORIO VII;in prossimità;;del civico n. ;135;;Tamponamento;Rettilineo;Due carreggiate;Bagnato (pioggia);Asfaltata;Verticale ed orizzontale;Pioggia in atto;Scarso;Buona;Ore Diurne;0;0;0;3;;;-1;2;Veicolo speciale;In marcia / fermata / arresto;Passeggero;F;Illeso;0;;Esente;Inesistente
1805627;18;01/07/2009 18:30;Strada Urbana;VIA LEONE XIII;da specificare;;;;altezza via G.Dominici;Veicolo in marcia contro ostacolo fisso;Rettilineo;Due carreggiate;Bagnato (pioggia);Asfaltata;Verticale ed orizzontale;Nuvoloso;Normale;Buona;Ore Diurne;0;0;0;2;;;-1;1;Autovettura privata;In marcia / fermata / arresto;Conducente;M;Illeso;0;;Non accertato;Inesistente
1805627;18;01/07/2009 18:30;Strada Urbana;VIA LEONE XIII;da specificare;;;;altezza via G.Dominici;Veicolo in marcia contro ostacolo fisso;Rettilineo;Due carreggiate;Bagnato (pioggia);Asfaltata;Verticale ed orizzontale;Nuvoloso;Normale;Buona;Ore Diurne;0;0;0;2;;;-1;1;Autovettura privata;In marcia / fermata / arresto;Passeggero;M;Illeso;0;;Non accertato;Inesistente
1805628;18;03/07/2009 15:00;Strada Urbana;VIA DECIO AZZOLINO;in prossimità;;del civico n. ;48;;Scontro frontale/laterale DX fra veicoli in marcia;Rettilineo;Una carreggiata a doppio senso;Asciutto;Asfaltata;Assente;Sereno;Normale;Buona;Ore Diurne;1;0;0;2;;;-1;1;Autovettura privata;In marcia / fermata / arresto;Conducente;F;Illeso;0;;Non accertato;Inesploso
1805628;18;03/07/2009 15:00;Strada Urbana;VIA DECIO AZZOLINO;in prossimità;;del civico n. ;48;;Scontro frontale/laterale DX fra veicoli in marcia;Rettilineo;Una carreggiata a doppio senso;Asciutto;Asfaltata;Assente;Sereno;Normale;Buona;Ore Diurne;1;0;0;2;;;-1;1;Autovettura privata;In marcia / fermata / arresto;Passeggero;M;Illeso;0;;Non accertato;Inesploso
1805628;18;03/07/2009 15:00;Strada Urbana;VIA DECIO AZZOLINO;in prossimità;;del civico n. ;48;;Scontro frontale/laterale DX fra veicoli in marcia;Rettilineo;Una carreggiata a doppio senso;Asciutto;Asfaltata;Assente;Sereno;Normale;Buona;Ore Diurne;1;0;0;2;;;-1;2;Ciclomotore;In marcia / fermata / arresto;Conducente;M;Rimandato;0;NON DECEDUTO;Non accertato;Inesistente
1805629;19;03/07/2009 14:20;Strada Urbana;VIA AGNOSINE;in prossimità;;del civico n. ;25;;Scontro frontale/laterale DX fra veicoli in marcia;Rettilineo;Una carreggiata a doppio senso;Asciutto;Asfaltata;Assente;Sereno;Scarso;Buona;Ore Diurne;1;0;0;2;;;-1;2;Autovettura privata;In marcia / fermata / arresto;Conducente;M;Illeso;0;;Non accertato;Inesistente
1805629;19;03/07/2009 14:20;Strada Urbana;VIA AGNOSINE;in prossimità;;del civico n. ;25;;Scontro frontale/laterale DX fra veicoli in marcia;Rettilineo;Una carreggiata a doppio senso;Asciutto;Asfaltata;Assente;Sereno;Scarso;Buona;Ore Diurne;1;0;0;2;;;-1;2;Autovettura privata;In marcia / fermata / arresto;Passeggero;M;Rimandato;0;NON DECEDUTO;Non accertato;Inesistente
1805629;19;03/07/2009 14:20;Strada Urbana;VIA AGNOSINE;in prossimità;;del civico n. ;25;;Scontro frontale/laterale DX fra veicoli in marcia;Rettilineo;Una carreggiata a doppio senso;Asciutto;Asfaltata;Assente;Sereno;Scarso;Buona;Ore Diurne;1;0;0;2;;;-1;5;Autovettura privata;In marcia / fermata / arresto;Conducente;M;Illeso;0;;Non accertato;Inesistente
1805630;2;02/07/2009 08:00;Strada Urbana;tangenziale / est dir. salaria;da specificare;;;;rampa da Via Nomentana;Tamponamento Multiplo;Pendenza;Una carreggiata a senso unico di marcia;Asciutto;Asfaltata;Verticale ed orizzontale;Sereno;Normale;Buona;Ore Diurne;1;0;0;5;;;-1;1;Autovettura privata;In marcia / fermata / arresto;Conducente;M;Illeso;0;;Non accertato;Inesploso
1805630;2;02/07/2009 08:00;Strada Urbana;tangenziale / est dir. salaria;da specificare;;;;rampa da Via Nomentana;Tamponamento Multiplo;Pendenza;Una carreggiata a senso unico di marcia;Asciutto;Asfaltata;Verticale ed orizzontale;Sereno;Normale;Buona;Ore Diurne;1;0;0;5;;;-1;1;Autovettura privata;In marcia / fermata / arresto;Passeggero;M;Illeso;0;;Non accertato;Inesploso
1805630;2;02/07/2009 08:00;Strada Urbana;tangenziale / est dir. salaria;da specificare;;;;rampa da Via Nomentana;Tamponamento Multiplo;Pendenza;Una carreggiata a senso unico di marcia;Asciutto;Asfaltata;Verticale ed orizzontale;Sereno;Normale;Buona;Ore Diurne;1;0;0;5;;;-1;1;Autovettura privata;In marcia / fermata / arresto;Passeggero;F;Illeso;0;;Non accertato;Inesploso
1805630;2;02/07/2009 08:00;Strada Urbana;tangenziale / est dir. salaria;da specificare;;;;rampa da Via Nomentana;Tamponamento Multiplo;Pendenza;Una carreggiata a senso unico di marcia;Asciutto;Asfaltata;Verticale ed orizzontale;Sereno;Normale;Buona;Ore Diurne;1;0;0;5;;;-1;1;Autovettura privata;In marcia / fermata / arresto;Passeggero;F;Illeso;0;;Non accertato;Inesploso
1805630;2;02/07/2009 08:00;Strada Urbana;tangenziale / est dir. salaria;da specificare;;;;rampa da Via Nomentana;Tamponamento Multiplo;Pendenza;Una carreggiata a senso unico di marcia;Asciutto;Asfaltata;Verticale ed orizzontale;Sereno;Normale;Buona;Ore Diurne;1;0;0;5;;;-1;2;Autocarro inferiore 35 q.;In marcia / fermata / arresto;Conducente;M;Rifiuta cure immediate;0;NON DECEDUTO;Non accertato;Inesploso
1805630;2;02/07/2009 08:00;Strada Urbana;tangenziale / est dir. salaria;da specificare;;;;rampa da Via Nomentana;Tamponamento Multiplo;Pendenza;Una carreggiata a senso unico di marcia;Asciutto;Asfaltata;Verticale ed orizzontale;Sereno;Normale;Buona;Ore Diurne;1;0;0;5;;;-1;3;Autocarro inferiore 35 q.;In marcia / fermata / arresto;Conducente;M;Illeso;0;;Non accertato;Inesploso
1805631;2;02/07/2009 15:10;Strada Urbana;PIAZZALE DELLE CANESTRE;all'intersezione con;VIALE FIORELLO LA GUARDIA;VIALE FIORELLO LA GUARDIA;;;Veicolo in marcia contro ostacolo fisso;Rotatoria;Una carreggiata a doppio senso;Asciutto;Asfaltata;Verticale ed orizzontale;Sereno;Scarso;Buona;Ore Diurne;0;0;0;1;;;-1;1;Ciclomotore;In marcia / fermata / arresto;Conducente;M;Illeso;0;;Non accertato;Inesistente
1805632;2;02/07/2009 19:30;Strada Urbana;VIALE DEL MURO TORTO;in corrispondenza;;del palo luce n. ;2;;Tamponamento Multiplo;Rettilineo;Due carreggiate;Asciutto;Asfaltata;Orizzontale;Sereno;Intenso;Buona;Ore Diurne;1;0;0;4;;;-1;1;Autovettura privata;In marcia / fermata / arresto;Conducente;F;Illeso;0;;Non accertato;Inesistente
1805632;2;02/07/2009 19:30;Strada Urbana;VIALE DEL MURO TORTO;in corrispondenza;;del palo luce n. ;2;;Tamponamento Multiplo;Rettilineo;Due carreggiate;Asciutto;Asfaltata;Orizzontale;Sereno;Intenso;Buona;Ore Diurne;1;0;0;4;;;-1;1;Autovettura privata;In marcia / fermata / arresto;Passeggero;F;Illeso;0;;Non accertato;Inesistente
1805632;2;02/07/2009 19:30;Strada Urbana;VIALE DEL MURO TORTO;in corrispondenza;;del palo luce n. ;2;;Tamponamento Multiplo;Rettilineo;Due carreggiate;Asciutto;Asfaltata;Orizzontale;Sereno;Intenso;Buona;Ore Diurne;1;0;0;4;;;-1;2;Motociclo a solo;In marcia / fermata / arresto;Conducente;M;Rimandato;0;NON DECEDUTO;Non accertato;Inesistente
1805632;2;02/07/2009 19:30;Strada Urbana;VIALE DEL MURO TORTO;in corrispondenza;;del palo luce n. ;2;;Tamponamento Multiplo;Rettilineo;Due carreggiate;Asciutto;Asfaltata;Orizzontale;Sereno;Intenso;Buona;Ore Diurne;1;0;0;4;;;-1;3;Autovettura privata;In marcia / fermata / arresto;Conducente;F;Illeso;0;;Non accertato;Inesistente
1805632;2;02/07/2009 19:30;Strada Urbana;VIALE DEL MURO TORTO;in corrispondenza;;del palo luce n. ;2;;Tamponamento Multiplo;Rettilineo;Due carreggiate;Asciutto;Asfaltata;Orizzontale;Sereno;Intenso;Buona;Ore Diurne;1;0;0;4;;;-1;4;Autovettura privata;In marcia / fermata / arresto;Conducente;M;Illeso;0;;Non accertato;Inesistente
1805633;2;03/07/2009 01:00;Strada Urbana;VIALE PARIOLI;all'intersezione semaforizzata con;VIA UMBERTO BOCCIONI;VIA UMBERTO BOCCIONI;;;Scontro laterale fra veicoli in marcia;Incrocio;Una carreggiata a doppio senso;Asciutto;Asfaltata;Verticale ed orizzontale;Nuvoloso;Scarso;Buona;Sufficiente;0;0;0;2;;;-1;1;Autovettura privata;In marcia / fermata / arresto;Conducente;M;Illeso;0;;Non accertato;Inesistente
1805633;2;03/07/2009 01:00;Strada Urbana;VIALE PARIOLI;all'intersezione semaforizzata con;VIA UMBERTO BOCCIONI;VIA UMBERTO BOCCIONI;;;Scontro laterale fra veicoli in marcia;Incrocio;Una carreggiata a doppio senso;Asciutto;Asfaltata;Verticale ed orizzontale;Nuvoloso;Scarso;Buona;Sufficiente;0;0;0;2;;;-1;2;Autovettura privata;In marcia / fermata / arresto;Conducente;M;Illeso;0;;Non accertato;Inesistente
1805634;20;03/07/2009 16:00;Strada Urbana;VIALE DELLO STADIO OLIMPICO;da specificare;;;;prossimità l.go Ferraris IV;Scontro laterale fra veicoli in marcia;Curva a visuale libera;Una carreggiata a senso unico di marcia;Asciutto;Asfaltata;Verticale ed orizzontale;Nuvoloso;Normale;Buona;Ore Diurne;0;0;0;2;;;-1;1;Autovettura privata;In marcia / fermata / arresto;Conducente;M;Illeso;0;;Non accertato;Inesploso
1805634;20;03/07/2009 16:00;Strada Urbana;VIALE DELLO STADIO OLIMPICO;da specificare;;;;prossimità l.go Ferraris IV;Scontro laterale fra veicoli in marcia;Curva a visuale libera;Una carreggiata a senso unico di marcia;Asciutto;Asfaltata;Verticale ed orizzontale;Nuvoloso;Normale;Buona;Ore Diurne;0;0;0;2;;;-1;2;Motociclo a solo;In marcia / fermata / arresto;Conducente;M;Illeso;0;;Non accertato;Inesistente
1805635;20;03/07/2009 19:15;Strada Urbana;LUNGOTEVERE MARESCIALLO DIAZ;da specificare;;;;ALTEZZA P.LE MINISTERO AA EE DIR. PONTE MILVIO;Veicolo in marcia contro veicolo in sosta;Rettilineo;Due carreggiate;Asciutto;Asfaltata;Verticale ed orizzontale;Sereno;Normale;Buona;Ore Diurne;1;0;0;0;;;-1;1;Motociclo a solo;In marcia / fermata / arresto;Conducente;F;Rifiuta cure immediate;0;NON DECEDUTO;Non accertato;Inesistente
1805636;20;03/07/2009 19:30;Strada Urbana;VIALE DI TOR DI QUINTO;all'intersezione semaforizzata con;VIA CIVITA CASTELLANA;VIA CIVITA CASTELLANA;;;Scontro frontale/laterale SX fra veicoli in marcia;Intersezione semaforizzata;Una carreggiata a doppio senso;Asciutto;Asfaltata;Orizzontale;Sereno;Intenso;Buona;Ore Diurne;1;0;0;2;;;-1;1;Autovettura privata;In marcia / fermata / arresto;Conducente;M;Illeso;0;;Non accertato;Inesistente
1805636;20;03/07/2009 19:30;Strada Urbana;VIALE DI TOR DI QUINTO;all'intersezione semaforizzata con;VIA CIVITA CASTELLANA;VIA CIVITA CASTELLANA;;;Scontro frontale/laterale SX fra veicoli in marcia;Intersezione semaforizzata;Una carreggiata a doppio senso;Asciutto;Asfaltata;Orizzontale;Sereno;Intenso;Buona;Ore Diurne;1;0;0;2;;;-1;1;Autovettura privata;In marcia / fermata / arresto;Passeggero;F;Illeso;0;;Non accertato;Inesistente
1805636;20;03/07/2009 19:30;Strada Urbana;VIALE DI TOR DI QUINTO;all'intersezione semaforizzata con;VIA CIVITA CASTELLANA;VIA CIVITA CASTELLANA;;;Scontro frontale/laterale SX fra veicoli in marcia;Intersezione semaforizzata;Una carreggiata a doppio senso;Asciutto;Asfaltata;Orizzontale;Sereno;Intenso;Buona;Ore Diurne;1;0;0;2;;;-1;2;Ciclomotore;In marcia / fermata / arresto;Conducente;F;Ricoverato;0;NON DECEDUTO;Non accertato;Inesistente
1805637;3;01/07/2009 17:55;Strada Urbana;CIRCONVALLAZIONE NOMENTANA;da specificare;;;;prossimità civico 484;Infortunio per caduta del veicolo;Rettilineo;Più di due carreggiate;Bagnato (pioggia);Asfaltata;Verticale ed orizzontale;Pioggia in atto;Normale;Sufficiente;Ore Diurne;1;0;0;0;;;-1;1;Motociclo a solo;In marcia / fermata / arresto;Conducente;F;Rimandato;0;NON DECEDUTO;Utilizzato;Inesistente