Protocollo;Gruppo;DataOraIncidente;Localizzazione1;STRADA1;Localizzazione2;STRADA2;Strada02;Chilometrica;DaSpecificare;NaturaIncidente;particolaritastrade;TipoStrada;FondoStradale;Pavimentazione;Segnaletica;CondizioneAtmosferica;Traffico;Visibilita;Illuminazione;NUM_FERITI;NUM_RISERVATA;NUM_MORTI;NUM_ILLESI;Longitudine;Latitudine;Confermato;Progressivo;TipoVeicolo;StatoVeicolo;TipoPersona;Sesso;Tipolesione;Deceduto;DecedutoDopo;CinturaCascoUtilizzato;Airbag
1808199;12;29/07/2009 11:30;Comunale extraurbana;VIA DI TRIGORIA;da specificare;;;;prossimità civ. 233;Scontro laterale fra veicoli in marcia;Curva senza visuale libera;Una carreggiata a doppio senso;Asciutto;Asfaltata;Verticale ed orizzontale;Sereno;Normale;Buona;Ore Diurne;0;0;0;2;;;-1;2;Autovettura privata;In marcia / fermata / arresto;Conducente;M;Illeso;0;;Utilizzato;Esploso
1808200;12;29/07/2009 13:20;Strada Urbana;VIALE DEGLI ASTRI;in corrispondenza;;del civico n. ;78;;Veicolo in marcia contro ostacolo accidentale;Rettilineo;Una carreggiata a doppio senso;Asciutto;Asfaltata;Verticale ed orizzontale;Sereno;Normale;Buona;Ore Diurne;0;0;0;1;;;-1;1;Autovettura privata;In marcia / fermata / arresto;Conducente;M;Illeso;0;;Utilizzato;Inesistente
1808201;12;29/07/2009 18:30;Strada Urbana;VIA CRISTOFORO COLOMBO;da specificare;;;;carreg. centrale prox p.le Nazioni Unite dir Roma;Scontro laterale fra veicoli in marcia;Rettilineo;Più di due carreggiate;Asciutto;Asfaltata;Verticale ed orizzontale;Sereno;Normale;Buona;Ore Diurne;2;0;0;4;;;-1;1;Motociclo con passeggero;In marcia / fermata / arresto;Conducente;M;Rimandato;0;NON DECEDUTO;Utilizzato;Inesistente
1808201;12;29/07/2009 18:30;Strada Urbana;VIA CRISTOFORO COLOMBO;da specificare;;;;carreg. centrale prox p.le Nazioni Unite dir Roma;Scontro laterale fra veicoli in marcia;Rettilineo;Più di due carreggiate;Asciutto;Asfaltata;Verticale ed orizzontale;Sereno;Normale;Buona;Ore Diurne;2;0;0;4;;;-1;1;Motociclo con passeggero;In marcia / fermata / arresto;Passeggero;M;Rimandato;0;NON DECEDUTO;Utilizzato;Inesistente
1808201;12;29/07/2009 18:30;Strada Urbana;VIA CRISTOFORO COLOMBO;da specificare;;;;carreg. centrale prox p.le Nazioni Unite dir Roma;Scontro laterale fra veicoli in marcia;Rettilineo;Più di due carreggiate;Asciutto;Asfaltata;Verticale ed orizzontale;Sereno;Normale;Buona;Ore Diurne;2;0;0;4;;;-1;2;Autovettura privata;In marcia / fermata / arresto;Conducente;M;Illeso;0;;Utilizzato;Inesistente
1808201;12;29/07/2009 18:30;Strada Urbana;VIA CRISTOFORO COLOMBO;da specificare;;;;carreg. centrale prox p.le Nazioni Unite dir Roma;Scontro laterale fra veicoli in marcia;Rettilineo;Più di due carreggiate;Asciutto;Asfaltata;Verticale ed orizzontale;Sereno;Normale;Buona;Ore Diurne;2;0;0;4;;;-1;2;Autovettura privata;In marcia / fermata / arresto;Passeggero;F;Illeso;0;;Utilizzato;Inesistente
1808201;12;29/07/2009 18:30;Strada Urbana;VIA CRISTOFORO COLOMBO;da specificare;;;;carreg. centrale prox p.le Nazioni Unite dir Roma;Scontro laterale fra veicoli in marcia;Rettilineo;Più di due carreggiate;Asciutto;Asfaltata;Verticale ed orizzontale;Sereno;Normale;Buona;Ore Diurne;2;0;0;4;;;-1;2;Autovettura privata;In marcia / fermata / arresto;Passeggero;F;Illeso;0;;Utilizzato;Inesistente
1808202;12;30/07/2009 01:30;Strada Urbana;VIADOTTO DELLA MAGLIANA;da specificare;;;;1 km. dopo l'Hotel Sheraton;Veicolo in marcia contro veicolo fermo;Curva senza visuale libera;Una carreggiata a senso unico di marcia;Asciutto;Asfaltata;Verticale ed orizzontale;Sereno;Scarso;Insufficiente;Insufficiente;1;0;0;2;;;-1;1;Motociclo con passeggero;In marcia / fermata / arresto;Conducente;M;Illeso;0;;Utilizzato;Inesistente
1808202;12;30/07/2009 01:30;Strada Urbana;VIADOTTO DELLA MAGLIANA;da specificare;;;;1 km. dopo l'Hotel Sheraton;Veicolo in marcia contro veicolo fermo;Curva senza visuale libera;Una carreggiata a senso unico di marcia;Asciutto;Asfaltata;Verticale ed orizzontale;Sereno;Scarso;Insufficiente;Insufficiente;1;0;0;2;;;-1;1;Motociclo con passeggero;In marcia / fermata / arresto;Passeggero;F;Rimandato;0;NON DECEDUTO;Non accertato;Inesistente
1808202;12;30/07/2009 01:30;Strada Urbana;VIADOTTO DELLA MAGLIANA;da specificare;;;;1 km. dopo l'Hotel Sheraton;Veicolo in marcia contro veicolo fermo;Curva senza visuale libera;Una carreggiata a senso unico di marcia;Asciutto;Asfaltata;Verticale ed orizzontale;Sereno;Scarso;Insufficiente;Insufficiente;1;0;0;2;;;-1;2;Autovettura privata;In marcia / fermata / arresto;Conducente;M;Illeso;0;;Non accertato;Inesistente
1808203;12;30/07/2009 02:00;Strada Urbana;VIALE DEL PATTINAGGIO;da specificare;;;;parcheggio sottostante Viadotto della Magliana;Scontro frontale/laterale SX fra veicoli in marcia;Rettilineo;Una carreggiata a doppio senso;Asciutto;Asfaltata;Assente;Sereno;Scarso;Buona;Sufficiente;1;0;0;1;;;-1;1;Ciclomotore;In marcia / fermata / arresto;Conducente;M;Rimandato;0;NON DECEDUTO;Non accertato;Inesistente
1808203;12;30/07/2009 02:00;Strada Urbana;VIALE DEL PATTINAGGIO;da specificare;;;;parcheggio sottostante Viadotto della Magliana;Scontro frontale/laterale SX fra veicoli in marcia;Rettilineo;Una carreggiata a doppio senso;Asciutto;Asfaltata;Assente;Sereno;Scarso;Buona;Sufficiente;1;0;0;1;;;-1;2;Autovettura privata;In marcia / fermata / arresto;Conducente;M;Illeso;0;;Utilizzato;Inesistente
1808204;12;30/07/2009 02:05;Strada Urbana;VIADOTTO DELLA MAGLIANA;da specificare;;;;1 Km dopo SHERATON HOTEL direzione FIUMICINO;Tamponamento;Rettilineo;Una carreggiata a senso unico di marcia;Asciutto;Asfaltata;Verticale ed orizzontale;Sereno;Scarso;Insufficiente;Sufficiente;1;0;0;2;;;-1;1;Autovettura privata;In marcia / fermata / arresto;Conducente;M;Illeso;0;;Utilizzato;Inesistente
1808204;12;30/07/2009 02:05;Strada Urbana;VIADOTTO DELLA MAGLIANA;da specificare;;;;1 Km dopo SHERATON HOTEL direzione FIUMICINO;Tamponamento;Rettilineo;Una carreggiata a senso unico di marcia;Asciutto;Asfaltata;Verticale ed orizzontale;Sereno;Scarso;Insufficiente;Sufficiente;1;0;0;2;;;-1;2;Autovettura privata;In marcia / fermata / arresto;Conducente;M;Illeso;0;;Utilizzato;Inesistente
1808204;12;30/07/2009 02:05;Strada Urbana;VIADOTTO DELLA MAGLIANA;da specificare;;;;1 Km dopo SHERATON HOTEL direzione FIUMICINO;Tamponamento;Rettilineo;Una carreggiata a senso unico di marcia;Asciutto;Asfaltata;Verticale ed orizzontale;Sereno;Scarso;Insufficiente;Sufficiente;1;0;0;2;;;-1;2;Autovettura privata;In marcia / fermata / arresto;Passeggero;F;Rimandato;0;NON DECEDUTO;Utilizzato;Inesistente
1808205;12;30/07/2009 07:50;Strada Urbana;VIA CRISTOFORO COLOMBO;all'intersezione semaforizzata con;VIALE DELL'UMANESIMO;VIALE DELL'UMANESIMO;;;Ribaltamento senza urto contro ostacolo fisso;Intersezione semaforizzata;Una carreggiata a senso unico di marcia;Asciutto;Asfaltata;Verticale ed orizzontale;Sereno;Normale;Buona;Ore Diurne;0;0;0;2;;;-1;1;Motociclo a solo;In marcia / fermata / arresto;Conducente;M;Illeso;0;;Utilizzato;Inesistente
1808205;12;30/07/2009 07:50;Strada Urbana;VIA CRISTOFORO COLOMBO;all'intersezione semaforizzata con;VIALE DELL'UMANESIMO;VIALE DELL'UMANESIMO;;;Ribaltamento senza urto contro ostacolo fisso;Intersezione semaforizzata;Una carreggiata a senso unico di marcia;Asciutto;Asfaltata;Verticale ed orizzontale;Sereno;Normale;Buona;Ore Diurne;0;0;0;2;;;-1;2;Autovettura privata;In marcia / fermata / arresto;Conducente;F;Illeso;0;;Utilizzato;Inesistente
1808206;12;30/07/2009 09:00;Provinciale;VIA DELLA FALCOGNANA;da specificare;;;;DIR. NETTUNENSE KM 3.000;Veicolo in marcia contro ostacolo accidentale;Rettilineo;Una carreggiata a doppio senso;Asciutto;Asfaltata;Verticale ed orizzontale;Sereno;Normale;Buona;Ore Diurne;1;0;0;0;;;-1;1;Motociclo a solo;In marcia / fermata / arresto;Conducente;M;Ricoverato;0;NON DECEDUTO;Non accertato;Inesistente
1808207;12;30/07/2009 13:50;Strada Urbana;VIALE DELL'UMANESIMO;all'intersezione con;VIA CRISTOFORO COLOMBO;VIA CRISTOFORO COLOMBO;;;Scontro laterale fra veicoli in marcia;Incrocio;Una carreggiata a doppio senso;Asciutto;Asfaltata;Verticale ed orizzontale;Sereno;Normale;Buona;Ore Diurne;0;0;0;4;;;-1;1;Autoambulanza;In marcia / fermata / arresto;Conducente;M;Illeso;0;;Non accertato;Inesistente
1808207;12;30/07/2009 13:50;Strada Urbana;VIALE DELL'UMANESIMO;all'intersezione con;VIA CRISTOFORO COLOMBO;VIA CRISTOFORO COLOMBO;;;Scontro laterale fra veicoli in marcia;Incrocio;Una carreggiata a doppio senso;Asciutto;Asfaltata;Verticale ed orizzontale;Sereno;Normale;Buona;Ore Diurne;0;0;0;4;;;-1;1;Autoambulanza;In marcia / fermata / arresto;Passeggero;M;Illeso;0;;Non accertato;Inesistente
1808207;12;30/07/2009 13:50;Strada Urbana;VIALE DELL'UMANESIMO;all'intersezione con;VIA CRISTOFORO COLOMBO;VIA CRISTOFORO COLOMBO;;;Scontro laterale fra veicoli in marcia;Incrocio;Una carreggiata a doppio senso;Asciutto;Asfaltata;Verticale ed orizzontale;Sereno;Normale;Buona;Ore Diurne;0;0;0;4;;;-1;1;Autoambulanza;In marcia / fermata / arresto;Passeggero;M;Illeso;0;;Non accertato;Inesistente
1808207;12;30/07/2009 13:50;Strada Urbana;VIALE DELL'UMANESIMO;all'intersezione con;VIA CRISTOFORO COLOMBO;VIA CRISTOFORO COLOMBO;;;Scontro laterale fra veicoli in marcia;Incrocio;Una carreggiata a doppio senso;Asciutto;Asfaltata;Verticale ed orizzontale;Sereno;Normale;Buona;Ore Diurne;0;0;0;4;;;-1;2;Autovettura privata;In marcia / fermata / arresto;Conducente;F;Illeso;0;;Utilizzato;Inesistente
1808209;13;29/07/2009 19:45;Strada Urbana;VIA CRISTOFORO COLOMBO;all'intersezione con;VIA DI CASAL PALOCCO;VIA DI CASAL PALOCCO;;;Tamponamento;Incrocio;Più di due carreggiate;Asciutto;Asfaltata;Verticale ed orizzontale;Sereno;Normale;Buona;Ore Diurne;0;0;0;2;;;-1;1;Autovettura privata;In marcia / fermata / arresto;Conducente;F;Illeso;0;;Non accertato;Inesistente
1808209;13;29/07/2009 19:45;Strada Urbana;VIA CRISTOFORO COLOMBO;all'intersezione con;VIA DI CASAL PALOCCO;VIA DI CASAL PALOCCO;;;Tamponamento;Incrocio;Più di due carreggiate;Asciutto;Asfaltata;Verticale ed orizzontale;Sereno;Normale;Buona;Ore Diurne;0;0;0;2;;;-1;2;Autovettura privata;In marcia / fermata / arresto;Conducente;M;Illeso;0;;Non accertato;Inesistente
1808210;13;30/07/2009 10:00;Strada Urbana;VIA DI CASTEL FUSANO;all'intersezione semaforizzata con;VIA OSTIENSE;VIA OSTIENSE;;;Scontro laterale fra veicoli in marcia;Incrocio;Una carreggiata a doppio senso;Asciutto;Asfaltata;Verticale ed orizzontale;Sereno;Intenso;Buona;Ore Diurne;0;0;0;5;;;-1;1;Autovettura privata;In marcia / fermata / arresto;Conducente;F;Illeso;0;;Non accertato;Inesploso
1808210;13;30/07/2009 10:00;Strada Urbana;VIA DI CASTEL FUSANO;all'intersezione semaforizzata con;VIA OSTIENSE;VIA OSTIENSE;;;Scontro laterale fra veicoli in marcia;Incrocio;Una carreggiata a doppio senso;Asciutto;Asfaltata;Verticale ed orizzontale;Sereno;Intenso;Buona;Ore Diurne;0;0;0;5;;;-1;2;Autovettura privata;In marcia / fermata / arresto;Conducente;M;Illeso;0;;Non accertato;Inesploso
1808210;13;30/07/2009 10:00;Strada Urbana;VIA DI CASTEL FUSANO;all'intersezione semaforizzata con;VIA OSTIENSE;VIA OSTIENSE;;;Scontro laterale fra veicoli in marcia;Incrocio;Una carreggiata a doppio senso;Asciutto;Asfaltata;Verticale ed orizzontale;Sereno;Intenso;Buona;Ore Diurne;0;0;0;5;;;-1;2;Autovettura privata;In marcia / fermata / arresto;Passeggero;F;Illeso;0;;Non accertato;Inesploso
1808210;13;30/07/2009 10:00;Strada Urbana;VIA DI CASTEL FUSANO;all'intersezione semaforizzata con;VIA OSTIENSE;VIA OSTIENSE;;;Scontro laterale fra veicoli in marcia;Incrocio;Una carreggiata a doppio senso;Asciutto;Asfaltata;Verticale ed orizzontale;Sereno;Intenso;Buona;Ore Diurne;0;0;0;5;;;-1;2;Autovettura privata;In marcia / fermata / arresto;Passeggero;F;Illeso;0;;Non accertato;Inesploso
1808210;13;30/07/2009 10:00;Strada Urbana;VIA DI CASTEL FUSANO;all'intersezione semaforizzata con;VIA OSTIENSE;VIA OSTIENSE;;;Scontro laterale fra veicoli in marcia;Incrocio;Una carreggiata a doppio senso;Asciutto;Asfaltata;Verticale ed orizzontale;Sereno;Intenso;Buona;Ore Diurne;0;0;0;5;;;-1;2;Autovettura privata;In marcia / fermata / arresto;Passeggero;M;Illeso;0;;Non accertato;Inesploso
1808211;13;30/07/2009 10:15;Strada Urbana;VIALE DEI ROMAGNOLI;all'intersezione con;VIA DEL COLLETTORE PRIMARIO;VIA DEL COLLETTORE PRIMARIO;;;Scontro frontale/laterale DX fra veicoli in marcia;Incrocio;Una carreggiata a doppio senso;Asciutto;Asfaltata;Verticale ed orizzontale;Sereno;Intenso;Buona;Ore Diurne;1;0;0;1;;;-1;1;Autocarro inferiore 35 q.;In marcia / fermata / arresto;Conducente;M;Illeso;0;;Non accertato;Inesploso
1808211;13;30/07/2009 10:15;Strada Urbana;VIALE DEI ROMAGNOLI;all'intersezione con;VIA DEL COLLETTORE PRIMARIO;VIA DEL COLLETTORE PRIMARIO;;;Scontro frontale/laterale DX fra veicoli in marcia;Incrocio;Una carreggiata a doppio senso;Asciutto;Asfaltata;Verticale ed orizzontale;Sereno;Intenso;Buona;Ore Diurne;1;0;0;1;;;-1;2;Motociclo a solo;In marcia / fermata / arresto;Conducente;M;Rimandato;0;NON DECEDUTO;Non accertato;Inesistente
1808212;13;30/07/2009 11:30;Strada Urbana;VIA ANGELO ZOTTOLI;in corrispondenza;;del civico n. ;6;;Veicolo in marcia contro ostacolo fisso;Rettilineo;Una carreggiata a senso unico di marcia;Asciutto;Asfaltata;Assente;Sereno;Scarso;Buona;Ore Diurne;0;0;0;1;;;-1;1;Autocarro inferiore 35 q.;In marcia / fermata / arresto;Conducente;M;Illeso;0;;Non accertato;Inesistente
1808213;13;30/07/2009 16:50;Strada Urbana;LUNGOMARE LUTAZIO CATULO;all'intersezione semaforizzata con;PIAZZALE DELL'AQUILONE;PIAZZALE DELL'AQUILONE;;;Tamponamento;Intersezione semaforizzata;Due carreggiate;Asciutto;Asfaltata;Verticale ed orizzontale;Sereno;Normale;Buona;Ore Diurne;1;0;0;2;;;-1;1;Autovettura privata;In marcia / fermata / arresto;Conducente;M;Rimandato;0;NON DECEDUTO;Non accertato;Inesistente
1808213;13;30/07/2009 16:50;Strada Urbana;LUNGOMARE LUTAZIO CATULO;all'intersezione semaforizzata con;PIAZZALE DELL'AQUILONE;PIAZZALE DELL'AQUILONE;;;Tamponamento;Intersezione semaforizzata;Due carreggiate;Asciutto;Asfaltata;Verticale ed orizzontale;Sereno;Normale;Buona;Ore Diurne;1;0;0;2;;;-1;2;Autovettura privata;In marcia / fermata / arresto;Conducente;M;Illeso;0;;Non accertato;Inesistente
1808213;13;30/07/2009 16:50;Strada Urbana;LUNGOMARE LUTAZIO CATULO;all'intersezione semaforizzata con;PIAZZALE DELL'AQUILONE;PIAZZALE DELL'AQUILONE;;;Tamponamento;Intersezione semaforizzata;Due carreggiate;Asciutto;Asfaltata;Verticale ed orizzontale;Sereno;Normale;Buona;Ore Diurne;1;0;0;2;;;-1;3;Autovettura privata;In marcia / fermata / arresto;Conducente;M;Illeso;0;;Non accertato;Inesistente
1808214;13;30/07/2009 18:00;Strada Urbana;VIA DEI PESCATORI;all'intersezione con;VIA DIFILO;VIA DIFILO;;;Scontro frontale/laterale SX fra veicoli in marcia;Incrocio;Due carreggiate;Asciutto;Asfaltata;Orizzontale;Sereno;Normale;Sufficiente;Ore Diurne;0;0;0;3;;;-1;1;Autovettura privata;In marcia / fermata / arresto;Conducente;M;Illeso;0;;Non accertato;Inesploso
1808214;13;30/07/2009 18:00;Strada Urbana;VIA DEI PESCATORI;all'intersezione con;VIA DIFILO;VIA DIFILO;;;Scontro frontale/laterale SX fra veicoli in marcia;Incrocio;Due carreggiate;Asciutto;Asfaltata;Orizzontale;Sereno;Normale;Sufficiente;Ore Diurne;0;0;0;3;;;-1;2;Autovettura privata;In marcia / fermata / arresto;Conducente;F;Illeso;0;;Non accertato;Inesploso
1808214;13;30/07/2009 18:00;Strada Urbana;VIA DEI PESCATORI;all'intersezione con;VIA DIFILO;VIA DIFILO;;;Scontro frontale/laterale SX fra veicoli in marcia;Incrocio;Due carreggiate;Asciutto;Asfaltata;Orizzontale;Sereno;Normale;Sufficiente;Ore Diurne;0;0;0;3;;;-1;2;Autovettura privata;In marcia / fermata / arresto;Passeggero;F;Illeso;0;;Non accertato;Inesploso
1808215;13;30/07/2009 18:30;Provinciale;VIA LITORANEA;in prossimità;;del civico n. ;211;;Tamponamento;Rettilineo;Una carreggiata a doppio senso;Asciutto;Asfaltata;Orizzontale;Sereno;Normale;Buona;Ore Diurne;4;0;0;1;;;-1;1;Autovettura privata;In marcia / fermata / arresto;Conducente;M;Rimandato;0;NON DECEDUTO;Non accertato;Inesploso
1808215;13;30/07/2009 18:30;Provinciale;VIA LITORANEA;in prossimità;;del civico n. ;211;;Tamponamento;Rettilineo;Una carreggiata a doppio senso;Asciutto;Asfaltata;Orizzontale;Sereno;Normale;Buona;Ore Diurne;4;0;0;1;;;-1;1;Autovettura privata;In marcia / fermata / arresto;Passeggero;F;Rimandato;0;NON DECEDUTO;Non accertato;Inesploso
1808215;13;30/07/2009 18:30;Provinciale;VIA LITORANEA;in prossimità;;del civico n. ;211;;Tamponamento;Rettilineo;Una carreggiata a doppio senso;Asciutto;Asfaltata;Orizzontale;Sereno;Normale;Buona;Ore Diurne;4;0;0;1;;;-1;1;Autovettura privata;In marcia / fermata / arresto;Passeggero;F;Rimandato;0;NON DECEDUTO;Non accertato;Inesistente
1808215;13;30/07/2009 18:30;Provinciale;VIA LITORANEA;in prossimità;;del civico n. ;211;;Tamponamento;Rettilineo;Una carreggiata a doppio senso;Asciutto;Asfaltata;Orizzontale;Sereno;Normale;Buona;Ore Diurne;4;0;0;1;;;-1;1;Autovettura privata;In marcia / fermata / arresto;Passeggero;M;Rimandato;0;NON DECEDUTO;Non accertato;Inesistente
1808215;13;30/07/2009 18:30;Provinciale;VIA LITORANEA;in prossimità;;del civico n. ;211;;Tamponamento;Rettilineo;Una carreggiata a doppio senso;Asciutto;Asfaltata;Orizzontale;Sereno;Normale;Buona;Ore Diurne;4;0;0;1;;;-1;2;Autovettura privata;In marcia / fermata / arresto;Conducente;M;Illeso;0;;Non accertato;Inesploso
1808216;13;30/07/2009 19:40;Strada Urbana;VIALE VEGA;da specificare;;;;fronte civ. 34;Veicolo in marcia contro veicoli in arresto;Rettilineo;Una carreggiata a doppio senso;Asciutto;Asfaltata;Verticale ed orizzontale;Sereno;Normale;Buona;Sufficiente;2;0;0;2;;;-1;1;Autovettura privata;In marcia / fermata / arresto;Conducente;F;Illeso;0;;Non accertato;Inesploso
1808216;13;30/07/2009 19:40;Strada Urbana;VIALE VEGA;da specificare;;;;fronte civ. 34;Veicolo in marcia contro veicoli in arresto;Rettilineo;Una carreggiata a doppio senso;Asciutto;Asfaltata;Verticale ed orizzontale;Sereno;Normale;Buona;Sufficiente;2;0;0;2;;;-1;1;Autovettura privata;In marcia / fermata / arresto;Passeggero;F;Illeso;0;;Non accertato;Inesploso
1808216;13;30/07/2009 19:40;Strada Urbana;VIALE VEGA;da specificare;;;;fronte civ. 34;Veicolo in marcia contro veicoli in arresto;Rettilineo;Una carreggiata a doppio senso;Asciutto;Asfaltata;Verticale ed orizzontale;Sereno;Normale;Buona;Sufficiente;2;0;0;2;;;-1;2;Motociclo a solo;In marcia / fermata / arresto;Conducente;M;Rifiuta cure immediate;0;NON DECEDUTO;Utilizzato;Inesistente
1808216;13;30/07/2009 19:40;Strada Urbana;VIALE VEGA;da specificare;;;;fronte civ. 34;Veicolo in marcia contro veicoli in arresto;Rettilineo;Una carreggiata a doppio senso;Asciutto;Asfaltata;Verticale ed orizzontale;Sereno;Normale;Buona;Sufficiente;2;0;0;2;;;-1;2;Motociclo a solo;In marcia / fermata / arresto;Passeggero;F;Rimandato;0;NON DECEDUTO;Utilizzato;Inesistente
1808217;13;30/07/2009 21:00;Strada Urbana;VIA DEI PESCATORI;da specificare;;;;prossimità VIA DEL CANALE DELLA LINGUA;Scontro frontale/laterale DX fra veicoli in marcia;Rettilineo;Una carreggiata a senso unico di marcia;Asciutto;Asfaltata;Orizzontale;Sereno;Scarso;Insufficiente;Sufficiente;1;0;0;2;;;-1;1;Autovettura privata;In marcia / fermata / arresto;Passeggero;F;Rimandato;0;NON DECEDUTO;Non accertato;Inesistente
1808217;13;30/07/2009 21:00;Strada Urbana;VIA DEI PESCATORI;da specificare;;;;prossimità VIA DEL CANALE DELLA LINGUA;Scontro frontale/laterale DX fra veicoli in marcia;Rettilineo;Una carreggiata a senso unico di marcia;Asciutto;Asfaltata;Orizzontale;Sereno;Scarso;Insufficiente;Sufficiente;1;0;0;2;;;-1;1;Autovettura privata;In marcia / fermata / arresto;Conducente;M;Illeso;0;;Non accertato;Inesistente
1808217;13;30/07/2009 21:00;Strada Urbana;VIA DEI PESCATORI;da specificare;;;;prossimità VIA DEL CANALE DELLA LINGUA;Scontro frontale/laterale DX fra veicoli in marcia;Rettilineo;Una carreggiata a senso unico di marcia;Asciutto;Asfaltata;Orizzontale;Sereno;Scarso;Insufficiente;Sufficiente;1;0;0;2;;;-1;2;Autovettura privata;In marcia / fermata / arresto;Conducente;F;Illeso;0;;Non accertato;Inesistente
1808218;15;30/07/2009 02:40;Strada Urbana;VIA DI TRIGORIA;all'intersezione con;VIA GUSTAVO D'ARPE;VIA GUSTAVO D'ARPE;;;Fuoriuscita dalla sede stradale;Rotatoria;Una carreggiata a doppio senso;Asciutto;Asfaltata;Verticale ed orizzontale;Sereno;Normale;Buona;Sufficiente;0;0;0;2;;;-1;1;Autovettura di polizia;In marcia / fermata / arresto;Conducente;M;Illeso;0;;Non accertato;Inesistente
1808218;15;30/07/2009 02:40;Strada Urbana;VIA DI TRIGORIA;all'intersezione con;VIA GUSTAVO D'ARPE;VIA GUSTAVO D'ARPE;;;Fuoriuscita dalla sede stradale;Rotatoria;Una carreggiata a doppio senso;Asciutto;Asfaltata;Verticale ed orizzontale;Sereno;Normale;Buona;Sufficiente;0;0;0;2;;;-1;1;Autovettura di polizia;In marcia / fermata / arresto;Passeggero;M;Illeso;0;;Non accertato;Inesistente
1808219;15;30/07/2009 12:30;Strada Urbana;VIA ODERISI DA GUBBIO;all'intersezione semaforizzata con;VIA QUIRINO MAJORANA;VIA QUIRINO MAJORANA;;;Scontro laterale fra veicoli in marcia;Incrocio;Due carreggiate;Asciutto;Asfaltata;Verticale ed orizzontale;Sereno;Normale;Buona;Ore Diurne;0;0;0;4;;;-1;1;Motociclo a solo;In marcia / fermata / arresto;Conducente;M;Illeso;0;;Utilizzato;Inesistente
1808219;15;30/07/2009 12:30;Strada Urbana;VIA ODERISI DA GUBBIO;all'intersezione semaforizzata con;VIA QUIRINO MAJORANA;VIA QUIRINO MAJORANA;;;Scontro laterale fra veicoli in marcia;Incrocio;Due carreggiate;Asciutto;Asfaltata;Verticale ed orizzontale;Sereno;Normale;Buona;Ore Diurne;0;0;0;4;;;-1;2;Autovettura privata;In marcia / fermata / arresto;Conducente;F;Illeso;0;;Utilizzato;Inesistente
1808219;15;30/07/2009 12:30;Strada Urbana;VIA ODERISI DA GUBBIO;all'intersezione semaforizzata con;VIA QUIRINO MAJORANA;VIA QUIRINO MAJORANA;;;Scontro laterale fra veicoli in marcia;Incrocio;Due carreggiate;Asciutto;Asfaltata;Verticale ed orizzontale;Sereno;Normale;Buona;Ore Diurne;0;0;0;4;;;-1;3;Autovettura privata;In marcia / fermata / arresto;Conducente;M;Illeso;0;;Utilizzato;Inesistente
1808219;15;30/07/2009 12:30;Strada Urbana;VIA ODERISI DA GUBBIO;all'intersezione semaforizzata con;VIA QUIRINO MAJORANA;VIA QUIRINO MAJORANA;;;Scontro laterale fra veicoli in marcia;Incrocio;Due carreggiate;Asciutto;Asfaltata;Verticale ed orizzontale;Sereno;Normale;Buona;Ore Diurne;0;0;0;4;;;-1;3;Autovettura privata;In marcia / fermata / arresto;Passeggero;M;Illeso;0;;Utilizzato;Inesistente
1808220;15;30/07/2009 13:50;Strada Urbana;VIALE GUGLIELMO MARCONI;in corrispondenza;;del civico n. ;270;;Veicolo in marcia contro veicolo fermo;Rettilineo;Due carreggiate;Asciutto;Asfaltata;Orizzontale;Sereno;Scarso;Buona;Ore Diurne;2;0;0;1;;;-1;1;Autovettura privata;In marcia / fermata / arresto;Conducente;M;Illeso;0;;Utilizzato;Inesistente
1808220;15;30/07/2009 13:50;Strada Urbana;VIALE GUGLIELMO MARCONI;in corrispondenza;;del civico n. ;270;;Veicolo in marcia contro veicolo fermo;Rettilineo;Due carreggiate;Asciutto;Asfaltata;Orizzontale;Sereno;Scarso;Buona;Ore Diurne;2;0;0;1;;;-1;2;Motociclo a solo;In marcia / fermata / arresto;Conducente;M;Rimandato;0;NON DECEDUTO;Utilizzato;Inesistente
1808220;15;30/07/2009 13:50;Strada Urbana;VIALE GUGLIELMO MARCONI;in corrispondenza;;del civico n. ;270;;Veicolo in marcia contro veicolo fermo;Rettilineo;Due carreggiate;Asciutto;Asfaltata;Orizzontale;Sereno;Scarso;Buona;Ore Diurne;2;0;0;1;;;-1;2;Motociclo a solo;In marcia / fermata / arresto;Passeggero;F;Rimandato;0;NON DECEDUTO;Utilizzato;Inesistente
1808221;15;30/07/2009 17:00;Strada Urbana;VIA DEL TRULLO;all'intersezione semaforizzata con;VIA DEL MONTE DELLE CAPRE;VIA DEL MONTE DELLE CAPRE;;;Scontro frontale/laterale SX fra veicoli in marcia;Incrocio;Due carreggiate;Asciutto;Asfaltata;Verticale ed orizzontale;Sereno;Normale;Buona;Ore Diurne;0;0;0;2;;;-1;1;Autovettura privata;In marcia / fermata / arresto;Conducente;M;Illeso;0;;Utilizzato;Inesistente
1808221;15;30/07/2009 17:00;Strada Urbana;VIA DEL TRULLO;all'intersezione semaforizzata con;VIA DEL MONTE DELLE CAPRE;VIA DEL MONTE DELLE CAPRE;;;Scontro frontale/laterale SX fra veicoli in marcia;Incrocio;Due carreggiate;Asciutto;Asfaltata;Verticale ed orizzontale;Sereno;Normale;Buona;Ore Diurne;0;0;0;2;;;-1;2;Autocarro inferiore 35 q.;In marcia / fermata / arresto;Conducente;M;Illeso;0;;Utilizzato;Inesistente